<service name="EchoBasedXmlFormCustomWSDL" scope="transportsession">
    <description>
        Echo Service from the custom WSDL.
    </description>
    <messageReceivers>
        <messageReceiver mep="http://www.w3.org/ns/wsdl/in-out"
                         class="org.apache.axis2.rpc.receivers.RPCMessageReceiver"/>
        <messageReceiver mep="http://www.w3.org/ns/wsdl/in-only"
                         class="org.apache.axis2.rpc.receivers.RPCInOnlyMessageReceiver"/>
    </messageReceivers>
    <parameter locked="false" name="ServiceClass">org.seasar.remoting.axis2.examples.ex01.EchoImpl</parameter>
    <parameter locked="false" name="ServiceObjectSupplier">org.seasar.remoting.axis2.receivers.S2ServiceObjectSupplier</parameter>
    <parameter locked="false" name="useOriginalwsdl">true</parameter>
    <parameter locked="false" name="modifyUserWSDLPortAddress">false</parameter>
    <operation name="echo">
        <actionMapping>urn:echo</actionMapping>
    </operation>
</service>
